<?xml version="1.0" encoding="UTF-8"?>
<FlexiPage xmlns="http://soap.sforce.com/2006/04/metadata">
    <flexiPageRegions>
        <componentInstances>
            <componentInstanceProperties>
                <name>decorate</name>
                <value>true</value>
            </componentInstanceProperties>
            <componentInstanceProperties>
                <name>richTextValue</name>
                <value>&lt;p style=&quot;text-align: center;&quot;&gt;&lt;b style=&quot;font-size: 48px;&quot;&gt;Drone Delivery Service&lt;/b&gt;&lt;/p&gt;</value>
            </componentInstanceProperties>
            <componentName>flexipage:richText</componentName>
        </componentInstances>
        <name>region1</name>
        <type>Region</type>
    </flexiPageRegions>
    <flexiPageRegions>
        <componentInstances>
            <componentName>mapLocationsToDeliver</componentName>
        </componentInstances>
        <name>region2</name>
        <type>Region</type>
    </flexiPageRegions>
    <flexiPageRegions>
        <componentInstances>
            <componentName>listContactsToDeliver</componentName>
        </componentInstances>
        <name>region3</name>
        <type>Region</type>
    </flexiPageRegions>
    <masterLabel>Drone Delivery App</masterLabel>
    <template>
        <name>flexipage:appHomeTemplateHeaderTwoColumns</name>
    </template>
    <type>AppPage</type>
</FlexiPage>
