<?xml version="1.0" encoding="UTF-8"?>
<CustomApplication xmlns="http://soap.sforce.com/2006/04/metadata">
    <brand>
        <headerColor>#0070D2</headerColor>
        <shouldOverrideOrgTheme>false</shouldOverrideOrgTheme>
    </brand>
    <formFactors>Large</formFactors>
    <isNavAutoTempTabsDisabled>false</isNavAutoTempTabsDisabled>
    <isNavPersonalizationDisabled>false</isNavPersonalizationDisabled>
    <label>Drone Delivery</label>
    <navType>Standard</navType>
    <tabs>Drone_Delivery_App</tabs>
    <tabs>standard-Contact</tabs>
    <uiType>Lightning</uiType>
    <utilityBar>Drone_Delivery_UtilityBar</utilityBar>
</CustomApplication>
